model_id,model_type,num_hosts,t_min,t_max,t_used,frag_model,tors_used,pp_groups_hosts
L1,L,64,8,40,11,0.093750,"[2,3,4,14,16,17,22,24,37,38,39]","[194,119,193,142,196,311,31,302]|[115,37,36,300,29,317,181,25]|[319,197,19,133,179,192,28,143]|[140,18,309,20,178,27,308,114]|[117,132,307,198,130,21,26,301]|[30,195,39,116,305,135,318,303]|[22,199,306,23,118,131,38,183]|[182,134,141,316,139,315,180,310]"
L2,L,64,8,39,11,0.096774,"[6,10,15,19,20,23,28,31,32,35,36]","[252,255,50,158,154,86,81,159]|[229,156,285,230,191,280,283,286]|[49,295,253,227,83,167,123,189]|[259,124,293,53,127,54,261,188]|[166,85,254,228,190,162,126,84]|[87,55,282,52,125,287,82,291]|[251,165,163,164,284,260,51,155]|[281,292,262,263,294,231,161,157]"
L3,L,64,8,38,11,0.100000,"[4,7,8,9,16,18,25,29,34,36,38]","[278,237,32,65,238,76,33,149]|[77,272,146,289,145,275,75,290]|[207,288,72,203,69,151,78,79]|[150,60,61,235,70,144,233,73]|[206,62,239,234,63,66,67,205]|[35,74,232,279,147,274,56,148]|[129,273,71,277,304,68,58,201]|[128,204,34,202,276,236,57,59]"
M1,M,40,5,29,7,0.083333,"[11,13,17,21,23,25,27]","[174,110,109,90,220]|[91,92,93,216,137]|[105,175,222,95,219]|[218,170,138,136,169]|[223,104,184,200,94]|[187,172,111,171,88]|[108,106,89,173,107]|[186,185,221,217,168]"
M2,M,40,5,22,7,0.117647,"[0,1,22,28,30,33,37]","[4,10,266,270,296]|[268,2,1,271,6]|[7,14,240,297,246]|[12,299,177,11,267]|[241,3,224,13,226]|[176,225,298,247,244]|[9,243,269,0,264]|[15,265,245,5,242]"
S1,S,32,6,16,7,0.100000,"[2,5,6,12,15,26,31]","[40,122,98,209]|[210,16,97,48]|[103,41,121,45]|[101,43,100,213]|[102,120,46,212]|[248,249,99,250]|[96,42,215,214]|[44,47,17,211]"
