model_id,model_type,num_hosts,t_min,t_max,t_used,frag_model,tors_used,pp_groups_hosts
L1,L,64,8,40,24,0.500000,"[1,5,6,7,11,14,16,17,18,19,20,22,23,24,25,26,27,30,31,34,35,36,37,39]","[118,294,286,293,292,183,13,221]|[60,255,15,181,151,141,188,199]|[148,166,157,190,54,61,150,95]|[247,119,222,182,205,279,303,214]|[276,143,287,135,55,149,158,223]|[215,142,278,53,63,319,62,47]|[159,189,59,14,134,277,206,207]|[191,246,139,140,167,295,117,291]"
L2,L,64,8,40,24,0.500000,"[2,3,4,5,9,11,14,15,17,18,19,20,21,23,24,25,26,28,31,32,35,37,38,39]","[204,115,316,162,175,125,301,45]|[310,35,315,284,23,318,174,164]|[93,195,196,311,263,251,309,173]|[172,79,116,285,231,253,127,230]|[21,138,156,261,36,163,212,198]|[197,124,46,22,37,302,262,317]|[165,252,171,126,254,147,39,187]|[38,31,44,94,137,213,78,211]"
L3,L,64,9,40,24,0.483871,"[1,2,3,4,5,7,8,12,14,15,16,18,19,21,23,28,29,30,32,33,34,36,38,39]","[186,57,101,307,275,243,145,42]|[229,102,239,269,123,30,290,18]|[228,103,169,155,122,70,237,29]|[34,121,313,43,289,154,308,19]|[270,33,41,132,114,144,274,245]|[146,131,257,236,271,244,314,113]|[28,133,312,185,71,259,100,260]|[170,56,20,184,12,58,238,258]"
M1,M,40,6,36,21,0.500000,"[0,1,9,11,13,14,16,17,19,20,21,22,27,29,30,32,34,35,36,37,38]","[90,299,153,272,160]|[273,288,180,235,109]|[256,240,168,110,11]|[76,6,234,108,218]|[161,283,178,306,241]|[242,111,136,305,92]|[220,179,7,130,300]|[77,219,112,282,91]"
M2,M,40,8,28,18,0.500000,"[1,2,3,4,5,6,9,10,11,12,15,16,25,27,29,35,37,38]","[74,27,202,52,297]|[88,298,10,99,281]|[233,40,201,51,98]|[84,120,81,217,97]|[200,86,128,203,17]|[232,25,82,89,304]|[32,87,129,16,75]|[85,73,216,83,26]"
S1,S,32,8,18,13,0.500000,"[0,1,8,10,12,13,22,24,26,28,31,35,37]","[225,69,4,177]|[106,9,194,226]|[296,67,209,210]|[107,248,104,68]|[227,80,193,176]|[105,3,1,192]|[66,8,2,250]|[96,5,249,280]"
