model_id,model_type,num_hosts,t_min,t_max,t_used,frag_model,tors_used,pp_groups_hosts
L1,L,64,8,40,24,0.500000,"[0,5,6,7,8,9,11,12,14,15,16,20,21,22,24,26,27,28,30,31,34,35,36,38]","[223,135,119,294,219,180,166,197]|[287,182,311,63,7,220,55,118]|[247,94,198,167,61,54,126,214]|[173,231,255,71,310,199,286,246]|[175,47,127,125,46,183,95,229]|[278,221,222,181,124,165,174,254]|[277,309,70,295,62,215,230,253]|[45,103,279,285,60,276,93,79]"
L2,L,64,8,40,24,0.500000,"[2,3,4,5,6,8,10,11,12,13,15,17,18,21,22,25,26,27,28,29,30,32,35,38]","[31,213,228,212,263,86,52,21]|[84,68,150,123,29,172,179,151]|[243,102,206,226,87,284,99,245]|[110,92,205,100,30,306,218,39]|[207,307,283,101,122,83,238,261]|[242,111,262,142,19,53,244,28]|[38,227,91,22,85,217,23,20]|[149,239,37,69,308,143,67,44]"
L3,L,64,9,40,24,0.483871,"[0,1,2,5,7,8,9,10,11,14,15,16,17,18,19,24,26,30,31,32,34,35,37,38]","[4,82,57,145,195,302,115,113]|[156,77,116,196,211,121,16,59]|[18,241,281,66,112,252,43,90]|[148,159,158,251,117,13,78,146]|[275,139,81,6,132,144,134,5]|[259,155,305,210,58,17,147,274]|[250,249,114,141,260,14,140,42]|[194,120,15,303,301,157,282,133]"
M1,M,40,6,36,21,0.500000,"[0,1,3,7,8,9,11,16,17,19,20,21,23,25,27,31,34,35,37,38,39]","[304,204,163,64,25]|[89,318,216,56,169]|[317,273,12,65,137]|[154,203,319,248,170]|[138,76,315,129,191]|[130,164,202,201,2]|[316,171,26,280,3]|[272,131,136,27,300]"
M2,M,40,7,28,18,0.523810,"[1,3,6,9,10,11,12,19,21,22,24,25,26,28,29,30,33,39]","[269,225,236,8,271]|[49,237,97,200,209]|[9,267,80,75,224]|[51,11,270,312,10]|[314,72,235,50,24]|[268,265,234,266,208]|[153,98,168,73,193]|[74,88,178,240,313]"
S1,S,32,7,17,12,0.500000,"[4,6,12,13,19,20,22,24,32,33,36,37]","[257,35,152,192]|[290,48,32,296]|[264,36,107,34]|[106,298,258,176]|[105,177,161,33]|[299,256,108,96]|[291,109,293,292]|[289,160,162,297]"
