model_id,model_type,num_hosts,t_min,t_max,t_used,frag_model,tors_used,pp_groups_hosts
L1,L,64,8,40,11,0.093750,"[1,11,13,18,19,23,25,27,33,34,39]","[202,156,93,15,92,10,186,205]|[269,206,271,155,220,267,207,274]|[109,185,223,14,151,148,278,107]|[204,275,222,187,13,318,279,150]|[188,108,319,95,270,94,91,317]|[268,276,106,90,189,191,221,149]|[273,277,265,12,11,266,159,316]|[110,157,111,89,147,190,203,158]"
L2,L,64,8,40,11,0.093750,"[0,1,7,8,15,17,20,25,31,34,38]","[141,249,125,122,140,127,309,250]|[69,0,57,124,70,164,139,137]|[7,142,162,163,167,4,252,306]|[161,200,272,65,308,9,68,120]|[8,60,165,6,126,62,310,5]|[251,66,248,166,253,311,201,138]|[123,307,255,67,121,61,254,3]|[63,2,58,143,59,71,305,1]"
L3,L,64,8,34,11,0.115385,"[3,5,17,24,28,29,30,35,37,38,39]","[235,242,304,237,40,284,234,282]|[28,24,197,297,198,247,44,231]|[233,31,196,45,136,229,29,199]|[246,46,244,315,296,226,245,230]|[300,243,42,314,301,193,302,25]|[47,285,298,236,225,241,30,313]|[239,303,227,287,286,41,43,27]|[283,26,281,238,194,228,299,195]"
M1,M,40,5,29,7,0.083333,"[2,6,12,26,29,36,39]","[289,23,295,293,20]|[208,97,291,51,22]|[214,96,100,54,290]|[21,17,19,52,213]|[18,209,312,55,294]|[98,53,48,50,211]|[215,210,102,99,212]|[49,103,101,232,292]"
M2,M,40,5,24,7,0.105263,"[4,7,9,14,16,21,30]","[174,119,75,172,35]|[36,39,171,114,77]|[168,76,112,134,132]|[175,115,56,79,32]|[131,130,38,173,169]|[240,135,73,118,116]|[78,74,33,133,113]|[34,72,170,37,117]"
S1,S,32,6,18,7,0.083333,"[10,18,19,20,22,24,32]","[83,86,261,146]|[153,85,152,145]|[81,84,80,177]|[179,256,180,182]|[259,154,260,178]|[263,82,192,262]|[258,144,183,257]|[176,160,87,181]"
