model_id,model_type,num_hosts,t_min,t_max,t_used,frag_model,tors_used,pp_groups_hosts
L1,L,64,8,40,11,0.093750,"[8,10,11,29,30,31,33,35,36,37,39]","[254,87,318,269,66,300,297,86]|[319,301,253,293,285,315,286,67]|[234,267,313,270,85,295,237,303]|[294,292,92,70,71,94,233,284]|[287,268,243,84,299,252,69,246]|[251,316,271,95,283,247,302,291]|[244,238,282,314,242,235,255,298]|[245,65,93,317,83,236,68,239]"
L2,L,64,8,40,11,0.093750,"[0,2,7,11,12,16,23,25,29,32,37]","[60,204,262,16,97,129,22,201]|[257,207,202,5,132,91,205,62]|[96,190,103,259,206,63,100,6]|[17,61,133,203,260,263,186,21]|[258,7,57,188,128,102,189,296]|[58,18,89,131,232,90,130,23]|[200,135,134,187,3,4,101,191]|[99,185,59,20,261,19,98,2]"
L3,L,64,8,34,11,0.115385,"[3,4,5,8,13,15,22,23,28,34,39]","[107,41,39,227,29,26,38,110]|[25,123,226,45,109,121,278,273]|[64,181,24,180,33,37,122,111]|[274,34,108,106,178,176,276,36]|[125,42,272,126,183,275,28,279]|[229,177,120,277,35,312,184,30]|[47,43,230,105,124,224,127,182]|[228,44,46,225,231,31,179,27]"
M1,M,40,5,26,7,0.095238,"[4,6,17,18,24,31,38]","[136,147,146,32,306]|[194,309,137,145,248]|[50,51,142,55,150]|[148,54,193,250,197]|[198,53,307,308,149]|[140,195,311,138,143]|[199,52,196,139,310]|[141,151,192,249,305]"
M2,M,40,5,22,7,0.117647,"[5,6,9,14,19,20,21]","[165,118,48,161,79]|[117,114,162,77,175]|[152,167,171,116,74]|[49,113,112,78,75]|[115,170,76,119,153]|[40,158,154,169,159]|[173,174,157,155,156]|[172,166,164,163,160]"
S1,S,32,6,17,7,0.090909,"[1,9,11,26,27,30,36]","[9,10,217,216]|[218,288,72,212]|[14,210,12,8]|[15,221,73,289]|[220,219,209,223]|[214,240,11,88]|[208,241,222,13]|[211,213,290,215]"
