model_id,model_type,num_hosts,t_min,t_max,t_used,frag_model,tors_used,pp_groups_hosts
L1,L,64,8,40,11,0.093750,"[3,6,8,14,20,22,26,35,36,37,39]","[116,163,115,31,315,300,298,69]|[162,53,28,67,71,117,302,285]|[29,314,284,68,294,292,299,214]|[283,303,25,26,182,55,297,118]|[301,210,287,318,51,281,211,212]|[209,293,54,27,164,215,70,316]|[282,165,286,295,30,119,317,114]|[52,183,213,167,50,291,166,319]"
L2,L,64,8,40,11,0.093750,"[2,3,9,12,14,16,21,23,25,30,35]","[173,186,77,241,203,184,99,113]|[135,79,97,22,18,76,244,96]|[133,245,17,168,134,23,246,100]|[188,112,101,207,202,175,201,191]|[78,204,185,171,19,21,20,75]|[130,169,98,187,242,243,102,132]|[170,174,103,131,24,280,206,129]|[16,190,247,74,172,189,205,73]"
L3,L,64,8,33,10,0.080000,"[4,5,7,15,17,32,33,34,37,38]","[143,279,274,277,41,259,123,138]|[269,61,38,43,307,124,260,264]|[126,296,265,262,47,33,263,268]|[308,137,59,142,63,261,36,140]|[62,35,270,271,276,60,34,266]|[267,311,278,39,310,46,122,136]|[37,141,139,40,127,125,275,44]|[257,258,45,306,309,32,42,58]"
M1,M,40,5,28,7,0.086957,"[1,16,18,24,25,28,31]","[149,146,151,253,251]|[227,252,12,14,226]|[195,196,225,148,15]|[250,8,255,249,198]|[147,230,229,231,254]|[197,145,10,248,150]|[193,13,224,11,128]|[199,194,9,228,200]"
M2,M,40,5,23,7,0.111111,"[0,11,19,22,26,27,32]","[2,0,216,220,177]|[155,208,92,5,157]|[218,95,181,256,152]|[3,179,158,88,91]|[180,159,156,221,90]|[94,219,217,7,4]|[93,6,153,178,222]|[154,89,176,1,223]"
S1,S,32,6,16,7,0.100000,"[7,8,10,13,29,30,39]","[110,86,105,106]|[65,233,80,238]|[111,107,84,108]|[240,64,83,312]|[66,236,239,313]|[234,81,87,82]|[56,235,57,109]|[232,104,237,85]"
