model_id,model_type,num_hosts,t_min,t_max,t_used,frag_model,tors_used,pp_groups_hosts
L1,L,64,8,40,24,0.500000,"[1,2,4,6,8,9,10,13,15,17,21,23,24,25,26,27,28,30,31,32,34,35,36,37]","[111,19,86,11,14,215,294,262]|[287,78,207,199,231,222,126,39]|[278,79,70,223,302,191,22,285]|[286,263,246,174,229,214,127,221]|[37,173,205,20,110,69,230,245]|[303,125,68,10,55,13,71,255]|[247,279,206,190,21,198,12,87]|[38,54,204,15,23,295,143,175]"
L2,L,64,8,40,24,0.500000,"[1,3,5,6,10,13,15,17,18,19,20,21,24,25,26,27,28,29,31,32,33,34,35,38]","[268,238,30,84,109,228,151,47]|[261,172,277,159,166,203,29,239]|[31,167,311,162,275,52,8,197]|[171,45,213,201,170,284,141,271]|[28,276,53,124,220,163,121,108]|[219,51,122,46,196,270,195,202]|[283,269,164,142,254,83,9,212]|[165,260,123,237,218,158,310,85]"
L3,L,64,8,39,24,0.516129,"[0,2,3,4,5,7,9,12,14,16,17,20,22,24,26,27,28,31,32,33,35,36,37,38]","[183,44,299,18,63,181,115,140]|[114,34,27,292,282,226,253,103]|[77,250,193,101,217,300,211,227]|[301,281,117,135,24,308,192,305]|[35,309,194,118,36,62,161,267]|[100,102,251,258,160,252,259,7]|[76,119,293,139,306,291,304,307]|[134,138,25,182,116,17,26,43]"
L4,L,64,10,35,22,0.480000,"[2,4,6,8,9,10,11,12,13,14,16,18,19,22,23,25,27,30,31,32,33,37]","[50,112,179,243,145,248,148,90]|[242,16,131,105,156,146,67,33]|[180,257,154,297,149,147,80,95]|[153,249,157,150,244,187,189,216]|[98,200,75,94,266,73,66,65]|[129,155,113,99,265,177,241,106]|[107,256,133,93,132,81,82,130]|[188,91,74,298,32,49,92,178]"
L5,L,64,27,27,27,0.000000,"[0,5,6,7,8,9,11,12,13,15,16,17,18,19,21,22,23,26,28,29,30,33,34,35,36,37,39]","[168,57,4,64,0,72,3,169]|[315,104,176,273,1,290,136,40]|[61,274,316,89,152,280,5,6]|[288,186,317,209,233,41,208,128]|[240,59,289,235,264,236,318,137]|[225,97,272,232,88,185,210,56]|[296,120,314,312,42,224,144,2]|[48,184,319,96,234,313,58,60]"
