model_id,model_type,num_hosts,t_min,t_max,t_used,frag_model,tors_used,pp_groups_hosts
L1,L,64,8,40,11,0.093750,"[2,5,7,8,9,15,18,23,28,32,36]","[127,47,21,46,43,71,262,67]|[230,70,228,126,74,227,17,293]|[186,65,292,22,59,77,149,60]|[44,122,151,295,263,66,229,124]|[45,18,19,123,189,261,78,69]|[259,61,150,191,62,23,187,64]|[79,289,290,58,76,294,291,125]|[20,75,68,63,260,231,190,188]"
L2,L,64,8,39,11,0.096774,"[4,6,9,16,17,19,20,23,33,34,37]","[143,132,129,52,158,139,155,165]|[276,73,267,36,32,135,142,35]|[303,271,141,138,299,39,275,266]|[274,34,131,130,277,72,163,296]|[268,279,38,153,302,140,54,166]|[161,300,154,185,278,33,269,301]|[134,298,184,164,51,157,156,55]|[159,297,53,167,37,270,162,133]"
L3,L,64,8,35,11,0.111111,"[0,1,5,7,10,13,18,21,24,30,36]","[192,148,4,168,199,247,87,243]|[84,13,105,194,15,288,196,110]|[145,144,81,173,195,3,193,172]|[106,198,2,41,245,107,40,56]|[197,80,146,244,1,12,241,14]|[246,5,111,10,11,42,57,6]|[85,175,83,8,109,147,174,242]|[86,171,108,169,7,9,170,82]"
M1,M,40,5,27,7,0.090909,"[3,11,14,22,26,29,38]","[210,214,27,117,236]|[181,311,212,209,179]|[93,307,306,211,114]|[239,119,92,94,215]|[180,237,31,310,213]|[91,29,182,118,30]|[308,95,183,234,115]|[28,309,238,235,116]"
M2,M,40,5,27,7,0.090909,"[3,12,25,27,31,35,39]","[253,280,254,103,286]|[204,255,26,219,281]|[282,101,207,314,284]|[250,100,248,283,317]|[99,205,315,285,252]|[319,222,220,316,206]|[318,102,287,218,223]|[25,203,221,251,249]"
S1,S,32,13,25,14,0.083333,"[0,11,12,15,16,17,22,25,28,29,32,33,34,38]","[96,256,128,178]|[137,233,272,202]|[225,136,264,90]|[257,98,176,88]|[177,226,305,89]|[120,304,265,224]|[201,273,0,258]|[121,232,200,97]"
