model_id,model_type,num_hosts,t_min,t_max,t_used,frag_model,tors_used,pp_groups_hosts
L1,L,64,8,40,24,0.500000,"[9,10,11,13,14,15,16,18,19,21,22,23,24,25,26,28,29,31,32,33,35,36,37,39]","[198,199,134,183,294,118,117,262]|[287,255,135,261,79,150,237,303]|[87,127,206,86,214,108,111,301]|[94,302,285,181,116,173,190,260]|[319,191,149,263,119,151,175,230]|[182,207,253,286,107,231,95,236]|[254,295,158,318,109,159,284,271]|[205,110,215,229,238,239,174,197]"
L2,L,64,8,40,24,0.500000,"[4,5,6,8,10,11,13,15,18,21,23,25,26,27,28,29,31,32,33,34,35,36,38,39]","[221,85,71,189,275,148,38,293]|[54,268,259,311,203,269,84,270]|[252,292,315,172,283,39,234,69]|[147,83,282,310,37,258,276,277]|[93,126,316,36,67,235,70,227]|[124,188,278,35,170,279,47,233]|[125,317,223,55,211,106,228,46]|[213,212,257,222,171,68,226,204]"
L3,L,64,8,40,24,0.500000,"[0,1,2,3,8,12,14,15,16,19,21,22,23,24,25,26,28,29,31,33,35,36,37,38]","[14,281,29,169,209,102,132,130]|[99,129,5,308,98,266,154,185]|[4,178,30,96,300,66,115,267]|[6,180,7,13,202,196,97,232]|[225,249,103,22,23,121,210,291]|[15,194,201,186,156,290,299,122]|[31,28,131,155,133,101,251,250]|[309,187,157,123,100,195,3,179]"
L4,L,64,10,38,24,0.500000,"[1,2,4,5,6,10,11,13,14,16,17,18,19,21,23,25,26,27,30,33,34,36,37,38]","[220,218,217,89,265,246,289,80]|[208,34,43,21,141,104,168,307]|[113,11,51,298,128,18,105,243]|[19,52,297,306,288,143,50,33]|[53,114,264,81,140,146,49,245]|[153,200,90,241,219,82,247,44]|[92,42,216,152,20,138,142,12]|[91,274,273,184,242,139,45,244]"
L5,L,64,27,27,27,0.000000,"[0,1,2,3,4,5,6,7,8,9,11,14,15,17,18,20,22,24,28,30,31,32,34,35,37,38,39]","[162,9,10,64,193,312,1,160]|[56,65,120,73,26,62,74,314]|[305,165,0,137,63,75,77,8]|[16,296,59,256,48,78,313,24]|[61,163,2,144,41,176,272,304]|[112,192,32,164,280,60,72,27]|[17,161,88,248,25,76,145,166]|[177,58,136,224,40,167,57,240]"
