model_id,model_type,num_hosts,t_min,t_max,t_used,frag_model,tors_used,pp_groups_hosts
L1,L,64,8,40,11,0.093750,"[0,1,9,12,15,17,19,20,22,31,38]","[251,139,250,138,11,252,10,75]|[180,178,166,125,76,157,5,77]|[183,254,141,179,307,156,255,308]|[310,167,13,249,101,158,143,103]|[142,124,102,12,123,165,98,99]|[127,181,15,253,7,306,140,305]|[311,14,155,154,79,122,182,126]|[4,153,177,78,159,6,100,309]"
L2,L,64,8,40,11,0.093750,"[3,14,17,18,20,23,24,26,34,35,37]","[197,151,192,190,283,160,193,117]|[274,189,136,275,149,300,298,146]|[164,211,286,191,215,113,301,148]|[28,303,147,162,196,118,27,114]|[194,115,213,31,186,297,29,277]|[199,302,137,279,150,188,195,187]|[210,278,287,116,119,198,285,299]|[273,163,161,214,284,276,212,30]"
L3,L,64,8,37,11,0.103448,"[0,1,7,11,13,14,27,29,30,31,32]","[222,91,262,0,63,237,246,217]|[234,241,56,3,9,260,107,110]|[60,261,105,62,242,257,263,244]|[106,258,232,94,247,248,245,8]|[218,221,58,239,92,88,59,2]|[109,90,61,89,95,112,235,243]|[104,219,1,220,259,236,108,256]|[233,238,216,240,223,57,93,111]"
M1,M,40,5,26,7,0.095238,"[2,4,5,6,9,12,25]","[47,38,43,51,52]|[97,18,39,37,22]|[34,202,41,53,20]|[96,23,45,17,35]|[203,204,205,33,21]|[42,44,207,73,72]|[49,74,55,46,201]|[50,36,54,206,19]"
M2,M,40,5,24,7,0.105263,"[8,10,16,18,28,34,36]","[294,225,130,288,231]|[230,68,229,70,71]|[133,145,272,224,67]|[81,134,131,292,228]|[82,69,289,290,132]|[227,293,83,66,87]|[84,295,86,85,291]|[65,144,226,135,129]"
S1,S,32,6,20,7,0.071429,"[3,15,21,23,33,38,39]","[184,174,266,170]|[270,269,26,169]|[304,24,271,315]|[318,120,172,313]|[317,312,168,265]|[171,267,264,25]|[314,185,316,319]|[175,268,173,121]"
