model_id,model_type,num_hosts,t_min,t_max,t_used,frag_model,tors_used,pp_groups_hosts
L1,L,64,8,40,18,0.312500,"[0,2,7,9,15,16,17,18,21,22,23,24,25,29,31,33,35,37]","[190,255,148,124,286,187,74,150]|[302,237,78,191,61,75,62,149]|[303,5,151,125,271,140,206,174]|[204,253,270,143,79,7,254,23]|[6,188,189,63,141,205,207,127]|[142,21,269,183,76,126,138,22]|[238,252,268,199,198,77,139,60]|[182,287,267,134,175,239,147,135]"
L2,L,64,8,40,18,0.312500,"[0,2,3,4,5,7,10,14,16,17,18,19,20,22,26,30,35,39]","[317,43,146,318,155,47,133,180]|[282,3,165,181,130,18,27,117]|[46,37,45,59,30,247,156,132]|[166,119,20,283,118,17,243,158]|[246,131,39,163,31,164,36,316]|[57,157,29,87,213,44,214,2]|[319,137,28,285,4,167,245,86]|[244,19,215,159,116,284,58,38]"
L3,L,64,8,40,18,0.312500,"[0,1,2,6,7,13,15,25,26,27,28,29,30,31,32,34,35,37]","[50,276,223,280,242,200,54,219]|[241,235,299,16,14,51,230,10]|[221,15,55,263,229,11,236,234]|[301,12,52,220,277,240,13,212]|[222,56,250,298,122,248,1,218]|[108,251,249,111,261,107,203,231]|[210,275,281,211,278,123,260,109]|[110,279,53,297,202,201,300,262]"
M1,M,40,5,34,14,0.310345,"[0,9,11,12,13,14,16,17,18,19,21,22,24,33]","[177,90,171,129,144]|[92,103,196,98,193]|[173,100,172,195,106]|[91,266,95,176,104]|[170,72,105,101,102]|[136,89,154,115,194]|[145,99,265,94,93]|[179,0,197,73,178]"
M2,M,40,7,28,13,0.285714,"[5,8,10,16,21,23,26,27,33,36,37,38,39]","[70,305,168,294,309]|[208,69,216,83,307]|[290,41,82,292,42]|[306,313,71,311,315]|[308,264,209,84,40]|[67,66,185,85,295]|[169,291,293,217,68]|[128,296,310,314,186]"
S1,S,32,11,21,14,0.300000,"[6,8,10,14,15,19,20,23,24,28,32,34,36,38]","[184,226,274,49]|[113,160,80,258]|[162,288,152,272]|[65,192,259,227]|[257,120,121,112]|[48,273,304,256]|[289,225,114,81]|[228,153,161,64]"
