model_id,model_type,num_hosts,t_min,t_max,t_used,frag_model,tors_used,pp_groups_hosts
L1,L,64,8,20,14,0.500000,"[0,3,4,5,6,7,9,10,11,12,14,15,16,19]","[55,156,38,103,4,154,117,101]|[116,30,134,36,53,54,78,126]|[6,99,29,132,47,93,87,125]|[157,31,75,63,84,118,7,45]|[133,124,158,83,119,62,39,159]|[115,46,86,102,127,100,155,76]|[94,77,37,44,5,3,2,123]|[28,95,27,98,79,135,61,85]"
M1,M,40,5,20,12,0.466667,"[1,2,3,4,5,7,9,10,11,14,17,19]","[60,57,21,143,91]|[43,25,34,89,92]|[80,41,59,72,26]|[22,33,90,23,32]|[153,12,113,73,15]|[14,42,142,35,152]|[13,24,82,114,74]|[81,140,20,58,141]"
S1,S,32,5,15,10,0.500000,"[0,1,5,6,7,11,13,14,16,18]","[105,147,8,148]|[106,128,130,0]|[110,49,129,149]|[146,9,56,151]|[52,11,108,10]|[131,111,112,88]|[40,109,1,145]|[107,51,150,50]"
