model_id,model_type,num_hosts,t_min,t_max,t_used,frag_model,tors_used,pp_groups_hosts
L1,L,64,8,20,14,0.500000,"[1,3,4,5,6,8,9,10,11,12,13,15,17,18]","[28,102,94,87,13,103,15,75]|[30,37,36,92,123,54,34,46]|[150,110,31,26,70,25,76,39]|[126,10,100,47,95,151,124,12]|[85,50,77,109,140,11,38,69]|[68,111,27,141,53,35,127,51]|[29,78,71,99,14,86,49,143]|[79,125,84,101,93,55,142,52]"
M1,M,40,5,20,12,0.466667,"[0,2,3,5,7,8,11,12,13,14,17,18]","[117,104,6,24,106]|[7,98,1,59,4]|[108,89,119,2,138]|[105,61,116,149,67]|[45,148,22,107,5]|[62,139,91,146,44]|[21,60,118,3,90]|[97,147,23,63,43]"
S1,S,32,6,18,12,0.500000,"[0,4,5,7,9,10,11,12,14,16,17,19]","[42,133,155,137]|[74,82,0,57]|[41,40,88,159]|[58,135,83,132]|[156,32,157,134]|[96,136,158,131]|[112,33,56,115]|[81,130,113,114]"
