model_id,model_type,num_hosts,t_min,t_max,t_used,frag_model,tors_used,pp_groups_hosts
L1,L,64,8,20,14,0.500000,"[0,3,4,5,6,8,9,11,12,13,14,15,16,18]","[46,30,37,67,118,117,119,95]|[151,4,135,29,54,94,90,102]|[3,5,51,39,97,93,100,76]|[91,6,69,111,66,55,127,98]|[146,124,31,28,148,134,125,116]|[92,147,75,77,103,126,71,70]|[7,149,53,99,35,79,52,38]|[68,36,47,78,101,150,110,133]"
M1,M,40,5,20,12,0.466667,"[0,3,6,7,10,11,12,13,14,15,17,18]","[86,145,108,106,61]|[83,144,60,142,121]|[104,115,114,50,2]|[96,62,109,120,105]|[87,27,84,143,1]|[123,85,25,113,57]|[107,26,63,88,112]|[58,49,122,89,59]"
S1,S,32,5,14,10,0.555556,"[1,2,4,5,6,8,9,10,17,19]","[19,21,80,158]|[48,45,20,44]|[14,141,32,138]|[13,74,140,65]|[17,81,23,22]|[42,139,64,18]|[43,137,34,12]|[82,33,159,15]"
