model_id,model_type,num_hosts,t_min,t_max,t_used,frag_model,tors_used,pp_groups_hosts
L1,L,64,8,20,14,0.500000,"[0,1,2,3,4,7,8,10,11,13,15,16,17,18]","[13,109,69,26,147,125,140,7]|[135,68,146,111,38,124,37,71]|[60,23,20,133,30,61,22,67]|[137,31,94,145,21,84,19,139]|[127,123,141,28,58,62,134,85]|[143,15,27,151,5,29,148,86]|[126,138,110,6,36,14,63,150]|[149,95,70,12,87,142,39,59]"
M1,M,40,5,20,12,0.466667,"[4,5,6,7,9,10,11,12,14,16,18,19]","[80,132,77,83,93]|[57,53,101,119,118]|[117,158,54,130,76]|[43,131,92,159,47]|[103,116,81,157,55]|[52,79,46,51,156]|[144,82,44,78,35]|[91,56,45,102,90]"
S1,S,32,8,17,12,0.444444,"[1,2,3,4,8,9,13,14,15,16,17,19]","[73,106,34,9]|[121,129,74,75]|[113,33,16,17]|[155,136,65,64]|[10,107,122,24]|[114,32,128,154]|[105,25,66,108]|[115,18,11,72]"
