model_id,model_type,num_hosts,t_min,t_max,t_used,frag_model,tors_used,pp_groups_hosts
L1,L,64,8,40,24,0.500000,"[0,2,3,4,5,8,10,11,13,14,15,16,22,23,24,25,26,27,29,32,33,35,36,39]","[39,133,263,127,5,191,283,319]|[29,214,70,31,38,85,119,316]|[223,286,95,94,205,134,69,238]|[204,182,206,190,67,87,111,117]|[270,23,285,46,183,215,284,125]|[271,30,118,239,84,199,135,222]|[317,6,295,287,116,110,68,318]|[86,207,47,126,93,71,7,262]"
L2,L,64,8,40,24,0.500000,"[0,1,2,3,5,6,10,12,17,18,19,21,22,23,24,26,27,30,32,33,34,36,37,39]","[157,83,260,292,315,189,198,277]|[268,219,27,45,151,100,279,269]|[181,102,294,172,175,220,142,197]|[159,174,180,245,4,21,52,211]|[28,143,261,103,221,54,303,247]|[302,278,158,173,51,53,246,44]|[212,293,149,314,150,22,276,15]|[55,213,82,259,101,141,196,20]"
L3,L,64,9,40,24,0.483871,"[0,2,3,4,5,6,11,13,15,17,18,19,22,26,27,28,30,31,32,33,34,35,37,39]","[108,178,17,139,155,156,146,43]|[217,19,90,16,138,107,36,230]|[301,91,267,209,266,50,148,216]|[42,124,18,210,35,244,137,254]|[140,121,26,153,179,242,274,282]|[218,257,300,123,25,231,3,275]|[109,37,2,229,92,147,258,243]|[177,253,255,313,40,122,41,154]"
M1,M,40,6,37,22,0.516129,"[0,3,7,8,11,13,14,15,16,18,19,21,23,24,26,29,31,34,35,37,38,39]","[299,252,194,132,0]|[115,144,105,170,1]|[114,62,273,89,63]|[310,297,171,298,208]|[61,272,66,120,186]|[131,237,145,235,106]|[130,236,24,195,187]|[311,312,188,281,152]"
M2,M,40,7,29,18,0.500000,"[1,4,6,10,13,14,17,20,21,22,24,25,31,32,33,35,37,38]","[309,280,308,13,80]|[202,164,12,265,48]|[307,11,81,162,256]|[113,10,203,9,201]|[136,251,166,14,193]|[167,176,34,163,161]|[8,32,250,33,296]|[104,112,49,169,165]"
S1,S,32,7,18,12,0.454545,"[7,9,11,12,21,24,25,28,30,31,33,36]","[228,241,73,57]|[98,248,74,60]|[88,225,289,226]|[200,290,76,97]|[99,59,264,168]|[240,75,192,78]|[58,79,227,72]|[56,249,291,77]"
