model_id,model_type,num_hosts,t_min,t_max,t_used,frag_model,tors_used,pp_groups_hosts
L1,L,64,8,40,11,0.093750,"[2,3,7,14,20,21,23,25,30,33,38]","[114,22,119,207,116,117,115,269]|[203,266,244,167,205,20,186,28]|[187,188,171,191,204,309,61,310]|[243,170,59,247,190,202,57,60]|[30,173,58,27,265,21,31,311]|[189,165,268,19,163,113,246,118]|[267,206,62,172,63,29,201,175]|[245,162,271,174,270,164,166,23]"
L2,L,64,8,40,11,0.093750,"[2,4,7,11,13,15,23,24,26,28,31]","[91,124,199,105,90,110,196,92]|[36,37,95,197,38,33,17,127]|[94,123,209,185,227,255,210,108]|[229,225,121,106,213,107,251,252]|[248,56,126,104,215,230,253,228]|[93,226,109,35,249,212,89,194]|[18,184,34,39,195,214,122,231]|[32,211,254,125,193,198,111,250]"
L3,L,64,8,35,11,0.111111,"[3,9,12,14,16,18,25,32,35,36,37]","[151,145,74,259,97,260,263,286]|[96,282,78,293,77,130,135,288]|[134,100,76,299,147,261,257,73]|[99,112,283,25,300,200,75,98]|[291,144,133,302,298,262,102,131]|[26,103,150,146,287,149,303,281]|[79,290,285,101,280,284,258,289]|[295,296,301,148,292,132,297,294]"
M1,M,40,5,28,7,0.086957,"[3,19,29,30,34,38,39]","[305,315,157,158,242]|[159,318,316,278,238]|[239,233,312,234,308]|[314,313,273,272,319]|[276,24,275,307,304]|[155,240,156,154,279]|[241,236,274,306,153]|[237,317,152,277,235]"
M2,M,40,5,22,7,0.117647,"[0,1,2,5,8,21,27]","[220,219,11,221,168]|[7,70,3,45,169]|[41,9,66,69,10]|[222,71,218,12,68]|[217,46,43,42,15]|[47,6,44,2,223]|[16,4,40,67,0]|[5,14,13,216,1]"
S1,S,32,4,17,5,0.076923,"[6,8,10,17,22]","[137,80,86,82]|[139,138,177,65]|[140,183,141,53]|[142,143,83,180]|[85,181,64,87]|[49,178,51,182]|[50,54,179,84]|[48,52,55,81]"
