model_id,model_type,num_hosts,t_min,t_max,t_used,frag_model,tors_used,pp_groups_hosts
L1,L,64,8,40,11,0.093750,"[1,3,12,15,17,19,22,25,34,35,38]","[308,279,158,103,100,285,28,182]|[204,180,277,155,138,99,97,13]|[30,202,207,124,311,310,286,31]|[154,102,203,142,159,10,122,141]|[126,140,206,275,183,278,179,101]|[125,12,127,98,181,205,178,309]|[282,307,276,156,287,123,29,153]|[15,139,284,143,283,11,14,157]"
L2,L,64,8,40,11,0.093750,"[4,7,9,10,12,13,16,19,20,22,31]","[82,60,35,132,164,250,59,110]|[107,86,176,87,167,160,248,251]|[129,131,162,77,166,177,56,133]|[36,106,255,37,38,79,72,134]|[105,34,74,249,81,96,253,76]|[161,130,165,58,83,62,252,73]|[39,254,111,163,109,108,78,85]|[75,135,152,63,84,57,61,33]"
L3,L,64,8,33,10,0.080000,"[4,6,8,16,18,23,24,26,27,36]","[294,50,184,220,198,215,53,211]|[70,222,145,223,213,151,199,68]|[191,190,188,71,66,216,49,193]|[69,185,189,147,64,48,219,295]|[208,196,51,221,54,214,150,293]|[209,186,212,291,210,144,32,146]|[217,65,149,67,192,187,197,128]|[52,290,195,148,292,218,194,55]"
M1,M,40,5,24,7,0.105263,"[2,3,14,28,33,36,38]","[289,25,27,114,224]|[230,119,231,20,26]|[265,305,17,306,22]|[266,115,268,271,267]|[19,269,264,118,270]|[23,227,225,116,112]|[228,21,18,229,226]|[304,16,117,288,113]"
M2,M,40,5,18,6,0.076923,"[11,25,29,30,37,39]","[201,89,243,318,238]|[240,93,301,314,312]|[297,300,299,315,234]|[313,94,316,317,319]|[232,247,241,244,298]|[302,245,235,91,92]|[246,303,233,242,90]|[237,95,239,236,200]"
S1,S,32,4,14,5,0.100000,"[0,5,21,32,37]","[46,170,42,0]|[256,259,260,172]|[45,43,263,261]|[258,169,41,47]|[171,174,3,7]|[175,1,296,173]|[44,4,5,6]|[2,262,40,257]"
