model_id,model_type,num_hosts,t_min,t_max,t_used,frag_model,tors_used,pp_groups_hosts
L1,L,64,8,40,18,0.312500,"[10,13,14,16,17,18,19,20,21,22,24,25,26,27,28,32,36,39]","[133,119,141,207,183,319,149,230]|[199,261,175,140,86,215,315,143]|[132,117,109,157,182,206,213,222]|[197,198,316,174,294,212,295,317]|[135,159,142,151,116,196,263,180]|[131,179,87,166,110,231,181,134]|[111,118,229,223,150,318,167,214]|[262,158,173,293,164,260,165,292]"
L2,L,64,8,40,18,0.312500,"[1,6,7,8,9,11,13,15,16,17,21,22,24,25,32,34,37,38]","[259,258,139,15,123,68,171,93]|[178,76,70,95,63,54,90,195]|[89,299,203,276,302,273,60,301]|[52,309,308,61,138,130,108,298]|[69,278,279,53,14,275,77,92]|[126,55,79,94,300,91,127,78]|[172,129,71,277,59,13,204,205]|[303,12,310,62,311,124,125,274]"
L3,L,64,8,40,18,0.312500,"[0,2,3,5,7,8,13,14,16,19,22,23,27,28,29,30,34,36]","[244,220,226,1,7,57,107,241]|[44,23,20,219,289,235,218,155]|[225,272,189,290,22,47,3,156]|[247,236,29,43,237,154,46,67]|[239,2,228,18,66,291,153,188]|[4,128,45,30,242,31,28,221]|[5,246,19,6,227,114,177,21]|[191,115,243,190,245,58,113,238]"
M1,M,40,5,38,15,0.303030,"[2,5,7,8,9,12,13,14,22,25,26,27,28,33,39]","[216,56,271,101,106]|[269,176,211,103,99]|[209,217,102,267,264]|[41,312,210,75,112]|[314,16,313,202,40]|[224,265,201,266,65]|[74,72,268,73,208]|[42,105,17,100,270]"
M2,M,40,7,27,13,0.300000,"[0,1,4,8,10,12,18,19,21,23,31,36,38]","[85,307,253,81,170]|[0,84,147,39,9]|[184,97,145,254,144]|[11,185,148,250,82]|[152,8,83,10,168]|[288,252,249,64,186]|[255,306,98,187,251]|[169,38,96,37,146]"
S1,S,32,8,18,11,0.300000,"[3,4,10,15,24,25,30,32,35,37,38]","[24,297,240,193]|[256,32,194,280]|[284,257,25,305]|[80,122,36,27]|[287,304,200,281]|[35,282,192,296]|[120,34,285,121]|[33,286,26,283]"
