model_id,model_type,num_hosts,t_min,t_max,t_used,frag_model,tors_used,pp_groups_hosts
L1,L,64,8,40,18,0.312500,"[2,4,5,7,9,11,14,18,20,21,22,26,28,29,33,34,36,37]","[181,165,119,38,294,164,43,35]|[278,149,19,47,271,77,236,45]|[238,237,63,295,182,303,172,276]|[93,163,20,118,23,115,229,36]|[21,293,231,230,167,116,279,301]|[44,277,183,92,173,239,46,174]|[78,302,175,166,39,114,215,94]|[95,22,117,214,151,150,37,79]"
L2,L,64,8,40,18,0.312500,"[1,2,3,4,6,8,12,15,16,19,20,21,22,30,33,34,35,37]","[135,274,71,155,125,122,300,180]|[34,161,126,156,287,299,15,270]|[101,30,154,159,123,267,284,131]|[52,102,268,285,69,243,14,70]|[283,162,28,18,33,269,171,132]|[266,298,275,133,51,32,54,29]|[157,55,124,158,170,127,103,13]|[134,247,246,245,286,53,31,244]"
L3,L,64,8,39,17,0.290323,"[0,1,5,7,8,11,14,15,17,20,26,27,28,31,34,35,38]","[254,42,213,308,282,252,4,12]|[218,10,311,272,7,143,140,3]|[68,223,62,227,138,121,219,41]|[112,211,2,139,222,59,220,221]|[66,113,210,141,212,142,226,58]|[137,309,67,306,89,251,90,61]|[281,120,253,228,217,307,160,91]|[5,255,273,11,57,6,310,60]"
M1,M,40,5,35,14,0.300000,"[0,2,3,8,10,12,17,19,25,27,28,33,37,39]","[27,86,85,315,84]|[203,264,319,83,207]|[81,318,97,100,99]|[202,153,314,26,205]|[16,265,136,17,297]|[98,317,206,225,0]|[87,224,64,316,216]|[152,1,204,82,65]"
M2,M,40,6,27,12,0.285714,"[1,3,12,13,16,22,23,24,29,30,36,37]","[289,235,241,106,190]|[186,128,108,111,8]|[129,25,242,109,178]|[292,296,196,188,24]|[110,9,290,197,194]|[189,187,195,96,191]|[199,233,234,198,184]|[107,185,179,130,291]"
S1,S,32,9,21,13,0.333333,"[5,9,10,11,13,18,24,26,29,30,32,38,39]","[144,258,105,40]|[193,263,104,262]|[88,146,147,305]|[75,312,73,74]|[260,208,209,259]|[76,145,72,232]|[80,304,313,148]|[261,240,257,256]"
